Treatment,Temperature,ReplicateID,SampleDay,dCH4ConcDiff,CH4Prod,Log_CH4Prod,PLog_CH4Prod,OM,CN
Control,20,r1,1,1100.08138,-0.0075855,NA,-0.0076144,NA,NA
Control,20,r2,1,2111.54043,-0.0148445,NA,-0.0149557,NA,NA
Control,20,r3,1,1080.16735,-0.008923,NA,-0.0089631,NA,NA
Control,20,r4,1,235.707191,-0.0014567,NA,-0.0014578,NA,NA
Control,20,r5,1,284.418784,-0.0015718,NA,-0.001573,NA,NA
Benthic Only,20,r1,1,423.029747,0.0994926,-2.307672,0.0948488,50.1,NA
Benthic Only,20,r2,1,381.4481,0.11866546,-2.131447,0.11213642,NA,NA
Benthic Only,20,r3,1,1811.31656,0.36046538,-1.0203594,0.30782683,44.6,NA
Benthic Only,20,r4,1,424.831058,0.07937791,-2.5335352,0.07638486,NA,40.5
Benthic Only,20,r5,1,999.411074,0.17685927,-1.7324009,0.16284926,NA,32.7
Sediment + Benthic,20,r1,1,3417.86867,0.42948579,-0.8451666,0.35731479,NA,70.1
Sediment + Benthic,20,r2,1,2509.02818,0.20506243,-1.5844408,0.18653137,13.1,NA
Sediment + Benthic,20,r3,1,1943.82071,0.25862661,-1.3523699,0.23002114,11.8,NA
Sediment + Benthic,20,r4,1,5141.43367,0.53575013,-0.6240874,0.42901895,NA,69.9
Sediment + Benthic,20,r5,1,11256.4426,1.07767705,0.07480785,0.73125047,NA,NA
Sediment Only,20,r1,1,2558.62934,0.24299861,-1.4146995,0.2175267,NA,103
Sediment Only,20,r2,1,3855.21633,0.34589324,-1.0616251,0.29705791,NA,NA
Sediment Only,20,r3,1,4837.77777,0.43365192,-0.8355131,0.36022498,4.44,NA
Sediment Only,20,r4,1,3768.52735,0.27402559,-1.2945338,0.24218164,NA,93.3
Sediment Only,20,r5,1,3514.20404,0.27854116,-1.2781895,0.24571971,4.36,NA
Control,30,r1,1,6631.71097,-0.0552816,NA,-0.0568683,NA,NA
Control,30,r2,1,3414.38972,-0.018943,NA,-0.0191248,NA,NA
Control,30,r3,1,833.522793,-0.0053098,NA,-0.005324,NA,NA
Control,30,r4,1,257.484288,-0.002193,NA,-0.0021954,NA,NA
Control,30,r5,1,1279.35891,-0.0079733,NA,-0.0080052,NA,NA
Benthic Only,30,r1,1,1087.25021,0.20144685,-1.6022297,0.18352654,NA,38.7
Benthic Only,30,r2,1,3216.23607,0.5540463,-0.590507,0.44086205,59.7,NA
Benthic Only,30,r3,1,9249.85695,1.92499295,0.65492231,1.07329207,48.9,NA
Benthic Only,30,r4,1,9095.28661,2.1013636,0.74258647,1.13184189,NA,45.2
Benthic Only,30,r5,1,1503.87148,0.56451513,-0.5717881,0.44757596,NA,NA
Sediment + Benthic,30,r1,1,16104.6208,1.31607451,0.27465345,0.83987373,NA,74.2
Sediment + Benthic,30,r2,1,16851.5984,1.682,0.51998356,0.98656279,NA,NA
Sediment + Benthic,30,r3,1,6797.34238,0.8420066,-0.1719674,0.61085552,11.7,NA
Sediment + Benthic,30,r4,1,20835.6299,1.79216765,0.58342586,1.02681823,NA,68.9
Sediment + Benthic,30,r5,1,15064.5591,1.62096512,0.48302172,0.96354262,11.6,NA
Sediment Only,30,r1,1,6477.49407,0.59835345,-0.5135736,0.46897401,NA,111.5
Sediment Only,30,r2,1,4363.77098,0.38726873,-0.9486364,0.32733687,4.3,NA
Sediment Only,30,r3,1,9759.71524,0.81130959,-0.2091056,0.59405011,NA,NA
Sediment Only,30,r4,1,1203.82096,0.10637026,-2.2408292,0.10108462,NA,97.6
Sediment Only,30,r5,1,7506.06572,0.69742136,-0.3603655,0.52911025,4.12,NA
Control,20,r1,2,-1092.8624,0.00719318,-4.9346223,0.00716743,NA,NA
Control,20,r2,2,-2103.4661,0.01619604,-4.1229886,0.01606628,NA,NA
Control,20,r3,2,-1059.8237,0.00915293,-4.6936816,0.00911129,NA,NA
Control,20,r4,2,-210.89988,0.00161375,-6.4291977,0.00161244,NA,NA
Control,20,r5,2,-259.41051,0.00163838,-6.4140486,0.00163704,NA,NA
Benthic Only,20,r1,2,5652.2916,1.64588116,0.4982759,0.97300415,50.1,NA
Benthic Only,20,r2,2,5642.4138,2.17324074,0.77621948,1.15475338,NA,NA
Benthic Only,20,r3,2,1313.85036,0.24958111,-1.3879713,0.22280838,44.6,NA
Benthic Only,20,r4,2,5837.72364,1.24657632,0.22040085,0.80940742,NA,40.5
Benthic Only,20,r5,2,373.29708,0.07807086,-2.5501385,0.0751732,NA,32.7
Sediment + Benthic,20,r1,2,4035.88248,0.46104069,-0.774269,0.37914898,NA,70.1
Sediment + Benthic,20,r2,2,-312.63516,-0.0292018,NA,-0.0296367,13.1,NA
Sediment + Benthic,20,r3,2,19701.2094,2.38296251,0.86834447,1.21875181,11.8,NA
Sediment + Benthic,20,r4,2,3429.93648,0.40846615,-0.8953462,0.34250128,NA,69.9
Sediment + Benthic,20,r5,2,-6500.2537,-0.7704986,NA,-1.471846,NA,NA
Sediment Only,20,r1,2,3129.19692,0.29718666,-1.2133948,0.26019781,NA,103
Sediment Only,20,r2,2,3791.72472,0.34019672,-1.0782312,0.29281641,NA,NA
Sediment Only,20,r3,2,799.2528,0.07880835,-2.5407364,0.07585705,4.44,NA
Sediment Only,20,r4,2,-731.81184,-0.0658829,NA,-0.0681535,NA,93.3
Sediment Only,20,r5,2,1560.69408,0.14137484,-1.9563405,0.13223354,4.36,NA
Control,30,r1,2,-6610.7224,0.06011628,-2.8114745,0.0583786,NA,NA
Control,30,r2,2,-3387.3738,0.02161213,-3.8345007,0.0213819,NA,NA
Control,30,r3,2,-830.96227,0.00579766,-5.1503009,0.00578092,NA,NA
Control,30,r4,2,-234.27704,0.00226745,-6.0890977,0.00226489,NA,NA
Control,30,r5,2,-1262.1514,0.0082406,-4.7986821,0.00820683,NA,NA
Benthic Only,30,r1,2,3318.5934,0.73199101,-0.311987,0.54927162,NA,38.7
Benthic Only,30,r2,2,12491.9034,2.58230779,0.94868349,1.27600723,59.7,NA
Benthic Only,30,r3,2,10362.1393,1.96042788,0.67316275,1.08533381,48.9,NA
Benthic Only,30,r4,2,-7716.6809,-1.86775,NA,NA,NA,45.2
Benthic Only,30,r5,2,10328.1136,4.61537063,1.52939217,1.72550759,NA,NA
Sediment + Benthic,30,r1,2,17535.8054,1.70598971,0.53414542,0.99546773,NA,74.2
Sediment + Benthic,30,r2,2,5970.80736,0.65271936,-0.426608,0.50242203,NA,NA
Sediment + Benthic,30,r3,2,19145.34,1.95913877,0.67250498,1.08489827,11.7,NA
Sediment + Benthic,30,r4,2,-18676.583,-2.1687186,NA,NA,NA,68.9
Sediment + Benthic,30,r5,2,10828.5965,1.22065462,0.19938729,0.79780203,11.6,NA
Sediment Only,30,r1,2,6154.56396,0.62266809,-0.4737417,0.48407176,NA,111.5
Sediment Only,30,r2,2,7494.10788,0.69530536,-0.3634042,0.52786288,4.3,NA
Sediment Only,30,r3,2,4888.19664,0.48374762,-0.7261919,0.39457107,NA,NA
Sediment Only,30,r4,2,14668.4881,1.29611547,0.25937169,0.83121877,NA,97.6
Sediment Only,30,r5,2,4994.58756,0.42188087,-0.8630323,0.35198055,4.12,NA
Control,20,r1,3,1.4783886,-7.93E-06,NA,-7.93E-06,NA,NA
Control,20,r2,3,1.1674842,-6.99E-06,NA,-6.99E-06,NA,NA
Control,20,r3,3,-18.561404,0.00014694,-8.8254658,0.00014693,NA,NA
Control,20,r4,3,-16.874813,0.00010429,-9.1683351,0.00010428,NA,NA
Control,20,r5,3,-14.203096,0.000075351,-9.4933534,7.53482E-05,NA,NA
Benthic Only,20,r1,3,-3320.0316,-0.78084,NA,-1.5179534,50.1,NA
Benthic Only,20,r2,3,5316.49032,1.59266143,0.46540647,0.95268493,NA,NA
Benthic Only,20,r3,3,942.54552,0.18333527,-1.6964387,0.16833695,44.6,NA
Benthic Only,20,r4,3,-4580.838,-0.7608093,NA,-1.4304941,NA,40.5
Benthic Only,20,r5,3,38379.3875,9.01579723,2.19897829,2.30416357,NA,32.7
Sediment + Benthic,20,r1,3,4897.69596,0.47341487,-0.7477832,0.38758275,NA,70.1
Sediment + Benthic,20,r2,3,2082.80928,0.15131345,-1.8884018,0.14090342,13.1,NA
Sediment + Benthic,20,r3,3,-9640.6009,-0.9501394,NA,-2.9985249,11.8,NA
Sediment + Benthic,20,r4,3,132.56796,0.01589822,-4.1415483,0.01577316,NA,69.9
Sediment + Benthic,20,r5,3,-4412.0443,-0.4224033,NA,-0.5488795,NA,NA
Sediment Only,20,r1,3,4142.16924,0.33044832,-1.107305,0.28551597,NA,103
Sediment Only,20,r2,3,2376.99336,0.17377216,-1.7500102,0.16022263,NA,NA
Sediment Only,20,r3,3,12550.3552,0.95192057,-0.0492737,0.6688138,4.44,NA
Sediment Only,20,r4,3,9436.05888,0.68613582,-0.3766797,0.52243942,NA,93.3
Sediment Only,20,r5,3,5182.69656,0.36514525,-1.0074601,0.31126083,4.36,NA
Control,30,r1,3,-20.525874,0.00016426,-8.7140722,0.00016424,NA,NA
Control,30,r2,3,3.833346,-1.81E-05,NA,-1.81E-05,NA,NA
Control,30,r3,3,14.4238224,-8.45E-05,NA,-8.45E-05,NA,NA
Control,30,r4,3,2.863299,-2.44E-05,NA,-2.44E-05,NA,NA
Control,30,r5,3,14.5105872,-7.37E-05,NA,-7.37E-05,NA,NA
Benthic Only,30,r1,3,22945.1783,4.2513066,1.44722637,1.65847692,NA,38.7
Benthic Only,30,r2,3,-7763.0167,-1.5390774,NA,NA,59.7,NA
Benthic Only,30,r3,3,8771.62308,1.75075204,0.56004544,1.01187434,48.9,NA
Benthic Only,30,r4,3,23012.692,5.57244931,1.71783469,1.88288657,NA,45.2
Benthic Only,30,r5,3,9379.87872,4.06473499,1.40234855,1.62230182,NA,NA
Sediment + Benthic,30,r1,3,43140.111,4.23099739,1.44243776,1.65460197,NA,74.2
Sediment + Benthic,30,r2,3,44958.1255,4.12839187,1.41788795,1.63479213,NA,NA
Sediment + Benthic,30,r3,3,24130.9902,2.83130743,1.04073859,1.34320611,11.7,NA
Sediment + Benthic,30,r4,3,60914.0071,5.65865118,1.73318556,1.89591694,NA,68.9
Sediment + Benthic,30,r5,3,32854.8341,4.03231522,1.39434071,1.61588016,11.6,NA
Sediment Only,30,r1,3,10186.8526,1.07937543,0.07638257,0.73206758,NA,111.5
Sediment Only,30,r2,3,5717.24484,0.55961025,-0.5805147,0.44443595,4.3,NA
Sediment Only,30,r3,3,8486.18028,0.87954005,-0.1283562,0.63102709,NA,NA
Sediment Only,30,r4,3,3024.37896,0.25914569,-1.3503649,0.23043346,NA,97.6
Sediment Only,30,r5,3,6029.7186,0.448198,-0.8025202,0.37032002,4.12,NA
Control,20,r1,7,24.5429856,-3.78E-05,NA,-3.78E-05,NA,NA
Control,20,r2,7,-9.6841398,1.66581E-05,-11.002614,1.6658E-05,NA,NA
Control,20,r3,7,8.0139816,-1.59E-05,NA,-1.59E-05,NA,NA
Control,20,r4,7,8.8992576,-1.52E-05,NA,-1.52E-05,NA,NA
Control,20,r5,7,1.8140142,-3.16E-06,NA,-3.16E-06,NA,NA
Benthic Only,20,r1,7,97150.77,6.79913937,1.91679604,2.05401339,50.1,NA
Benthic Only,20,r2,7,61442.3165,5.28691011,1.66523398,1.83846971,NA,NA
Benthic Only,20,r3,7,46744.1834,2.07820418,0.73150415,1.12434637,44.6,NA
Benthic Only,20,r4,7,6721.31328,0.41367084,-0.8826847,0.34618975,NA,40.5
Benthic Only,20,r5,7,-24809.952,-1.4981429,NA,NA,NA,32.7
Sediment + Benthic,20,r1,7,167753.283,4.39160445,1.47969464,1.68484301,NA,70.1
Sediment + Benthic,20,r2,7,10595.8493,0.28525529,-1.2543708,0.25095736,13.1,NA
Sediment + Benthic,20,r3,7,52562.8061,1.85520368,0.61799449,1.04914318,11.8,NA
Sediment + Benthic,20,r4,7,25292.4487,0.88156127,-0.1260608,0.63210189,NA,69.9
Sediment + Benthic,20,r5,7,180792.37,5.15057131,1.63910764,1.81654497,NA,NA
Sediment Only,20,r1,7,238085.265,4.94626068,1.59863187,1.78276256,NA,103
Sediment Only,20,r2,7,15243.5414,0.32353326,-1.1284534,0.28030487,NA,NA
Sediment Only,20,r3,7,202351.22,4.15673787,1.4247306,1.64030418,4.44,NA
Sediment Only,20,r4,7,119437.669,2.37689782,0.8657962,1.21695748,NA,93.3
Sediment Only,20,r5,7,27440.9136,0.69981486,-0.3569395,0.53051934,4.36,NA
Control,30,r1,7,48.3115326,-9.96E-05,NA,-9.96E-05,NA,NA
Control,30,r2,7,-13.652495,1.85331E-05,-10.895952,1.85329E-05,NA,NA
Control,30,r3,7,5.0540286,-7.79E-06,NA,-7.79E-06,NA,NA
Control,30,r4,7,-4.8649452,0.000010904,-11.426381,1.09039E-05,NA,NA
Control,30,r5,7,116.630362,-0.0001701,NA,-0.0001701,NA,NA
Benthic Only,30,r1,7,105797.27,6.41494865,1.85863099,2.00349805,NA,38.7
Benthic Only,30,r2,7,88015.8655,5.26730436,1.66151873,1.83534634,59.7,NA
Benthic Only,30,r3,7,156461.043,10.1318463,2.31568356,2.40981004,48.9,NA
Benthic Only,30,r4,7,162865.757,13.0496467,2.56876106,2.64259725,NA,45.2
Benthic Only,30,r5,7,670668.157,98.950601,4.59462075,4.60467607,NA,NA
Sediment + Benthic,30,r1,7,331422.931,12.1228509,2.49509217,2.57435505,NA,74.2
Sediment + Benthic,30,r2,7,142282.179,5.30715876,1.66905662,1.8416853,NA,NA
Sediment + Benthic,30,r3,7,648627.876,25.5874425,3.2421017,3.28043902,11.7,NA
Sediment + Benthic,30,r4,7,126041.044,4.79493641,1.56756045,1.7569845,NA,68.9
Sediment + Benthic,30,r5,7,225162.95,8.93384003,2.18984632,2.29594711,11.6,NA
Sediment Only,30,r1,7,104072.497,2.98537322,1.09372477,1.38263096,NA,111.5
Sediment Only,30,r2,7,147138.475,4.03524621,1.39506732,1.61646242,4.3,NA
Sediment Only,30,r3,7,258505.134,6.14855596,1.81621725,1.96691037,NA,NA
Sediment Only,30,r4,7,27158.7116,0.68430234,-0.3793554,0.52135144,NA,97.6
Sediment Only,30,r5,7,37939.0235,0.73439176,-0.3087127,0.55065678,4.12,NA
Control,20,r1,10,7.8221394,-1.86E-05,NA,-1.86E-05,NA,NA
Control,20,r2,10,43.3544994,-0.0001149,NA,-0.0001149,NA,NA
Control,20,r3,10,-6.0657126,0.000018893,-10.876719,1.88928E-05,NA,NA
Control,20,r4,10,0.753822,-1.92E-06,NA,-1.92E-06,NA,NA
Control,20,r5,10,6.7325874,-1.46E-05,NA,-1.46E-05,NA,NA
Benthic Only,20,r1,10,949071.248,95.1397909,4.55534729,4.56580329,50.1,NA
Benthic Only,20,r2,10,-12746.753,-1.690176,NA,NA,NA,NA
Benthic Only,20,r3,10,873363.131,59.834754,4.09158666,4.10816124,44.6,NA
Benthic Only,20,r4,10,474082.105,34.2891335,3.5348285,3.56357508,NA,40.5
Benthic Only,20,r5,10,606699.119,45.7615319,3.82344382,3.8450609,NA,32.7
Sediment + Benthic,20,r1,10,-4408.71,-0.1846646,NA,-0.2041557,NA,70.1
Sediment + Benthic,20,r2,10,614438.292,21.358173,3.06143448,3.10719194,13.1,NA
Sediment + Benthic,20,r3,10,1921597.57,92.1012085,4.52288806,4.53368716,11.8,NA
Sediment + Benthic,20,r4,10,1007678.47,40.6461653,3.7049045,3.7292093,NA,69.9
Sediment + Benthic,20,r5,10,685790.239,27.9848051,3.33166169,3.36677173,NA,NA
Sediment Only,20,r1,10,1129335.43,36.9240077,3.60886195,3.63558436,NA,103
Sediment Only,20,r2,10,1579356.1,50.2810545,3.91762836,3.93732138,NA,NA
Sediment Only,20,r3,10,536602.361,17.3476554,2.85345736,2.9095018,4.44,NA
Sediment Only,20,r4,10,1362673.75,42.9371725,3.75973794,3.78276072,NA,93.3
Sediment Only,20,r5,10,810817.244,24.8773964,3.21395962,3.25336986,4.36,NA
Control,30,r1,10,117.535877,-0.0003359,NA,-0.000336,NA,NA
Control,30,r2,10,53.1679218,-0.0001112,NA,-0.0001112,NA,NA
Control,30,r3,10,22.2505008,-5.43E-05,NA,-5.43E-05,NA,NA
Control,30,r4,10,103.343088,-0.0003667,NA,-0.0003668,NA,NA
Control,30,r5,10,-17.794936,3.99975E-05,-10.126694,3.99967E-05,NA,NA
Benthic Only,30,r1,10,1110470.75,129.660631,4.86492051,4.87260336,NA,38.7
Benthic Only,30,r2,10,2003743.89,196.135696,5.27880674,5.2838923,59.7,NA
Benthic Only,30,r3,10,1911349.56,207.663099,5.33591705,5.34072098,48.9,NA
Benthic Only,30,r4,10,946753.517,123.588385,4.81695656,4.82501538,NA,45.2
Benthic Only,30,r5,10,1650168.8,449.184603,6.10743394,6.10965773,NA,NA
Sediment + Benthic,30,r1,10,2162354,86.7198058,4.4626823,4.47414771,NA,74.2
Sediment + Benthic,30,r2,10,1181785.02,62.6075975,4.13688664,4.15273292,NA,NA
Sediment + Benthic,30,r3,10,969543.34,64.3122712,4.16375046,4.17917994,11.7,NA
Sediment + Benthic,30,r4,10,3331925.97,214.510812,5.36836014,5.37301108,NA,68.9
Sediment + Benthic,30,r5,10,657216.373,38.784732,3.65802666,3.68348322,11.6,NA
Sediment Only,30,r1,10,1515184.99,53.6528776,3.9825351,4.00100187,NA,111.5
Sediment Only,30,r2,10,1644320.6,52.6808159,3.96425136,3.98305569,4.3,NA
Sediment Only,30,r3,10,304843.496,11.5654714,2.44802405,2.53095268,NA,NA
Sediment Only,30,r4,10,900122.129,26.9393668,3.29358867,3.33003669,NA,97.6
Sediment Only,30,r5,10,383756.233,12.5228701,2.52755658,2.60438234,4.12,NA